BAMBOO_TREE,348
BOAR,48
CACTUS,709
DEER,65
MARLIN1,450
MARLIN2,451
FISH,53
DORADO,455
SALMON,456
TUNA,457
SNAPPER,458
SHORE_FISH,69
FORAGE,59
FOREST_TREE,411
GOLD,66
HAWK,96
MACAW,816
MOUNTAIN1,310
MOUNTAIN2,311
OAKTREE,349
PALMTREE,351
PINETREE,350
SNOWPINETREE,413
JUNGLETREE,414
SHEEP,594
SKELETON,710
STONE,102
TREE1,399
TREE2,400
TREE3,401
TREE4,402
TREE5,403
TURKEY,833
WOLF,126
JAGUAR,812
RELIC,285
PLANTS,818
JAVELINA,822
OYSTERS,2170
ARCHER,4
KING,434
KNIGHT,38
MANGONEL,280
MILITIA,74
VILLAGER,83
SCOUT,448
SPEARMAN,93
GALLEY,539
MONK,125
TRADE_CART,128
ARCHERY_RANGE,87
BARRACKS,12
BLACKSMITH,103
CASTLE,82
FARM,50
HOUSE,70
MARKET,84
MONASTERY,104
OUTPOST,598
STABLE,101
TOWN_CENTER,109
WALL,117
WATCH_TOWER,79
ADMIRAL_YI_SUN_SHIN,844
AETHELFIRTH,169
ALARIC_THE_GOTH,223
ALEXANDER_NEVSKI,197
ARBALEST,492
ARCHBISHOP,177
ARCHERS_OF_THE_EYES,686
ATTILA_THE_HUN,777
BAD_NEIGHBOR,682
BAD_NEIGHBOR_PACKED,730
BAMBOO_FOREST_TREE,348
BATTERING_RAM,35
BELISARIUS,167
BERSERK,692
BLEDA_THE_HUN,779
BOMBARD_CANNON,36
BOMBARD_TOWER,236
BRITISH_RELIC,287
BROKEN_CART,858
BYZANTINE_RELIC,288
CAMEL,329
CANNON_GALLEON,420
CAPPED_RAM,422
CARAVAN,275
CATAPHRACT,40
CATHEDRAL,599
CAVALIER,283
CAVALRY_ARCHER,39
CHAMPION,567
CHARLEMAGNE,165
CHARLES_MARTEL,424
CHINESE_RELIC,289
CHU_KO_NU,73
CONQUISTADOR,771
CRACKS,241
CRATER,723
CROSSBOWMAN,24
DEMOLITION_SHIP,527
DIRE_WOLF,89
DOCK,45
DOME_OF_THE_ROCK,690
EAGLE_WARRIOR,751
ELITE_BERSERK,694
ELITE_CANNON_GALLEON,691
ELITE_CATAPHRACT,553
ELITE_CHU_KO_NU,559
ELITE_CONQUISTADOR,773
ELITE_EAGLE_WARRIOR,752
ELITE_GENITOUR,596
ELITE_HUSKARL,555
ELITE_JAGUAR_WARRIOR,726
ELITE_JANISSARY,557
ELITE_LONGBOAT,533
ELITE_LONGBOWMAN,530
ELITE_MAMELUKE,556
ELITE_MANGUDAI,561
ELITE_PLUMED_ARCHER,765
ELITE_SAMURAI,560
ELITE_SKIRMISHER,6
ELITE_TARKAN,757
ELITE_TEUTONIC_KNIGHT,554
ELITE_THROWING_AXEMAN,531
ELITE_TURTLE_SHIP,832
ELITE_WAR_ELEPHANT,558
ELITE_WAR_WAGON,829
ELITE_WOAD_RAIDER,534
EL_CID,198
EL_CID_CAMPEADOR,824
EMPEROR_IN_A_BARREL,733
FAST_FIRE_SHIP,532
FIRE_SHIP,529
FIRE_TOWER,190
FISHING_SHIP,13
FISH_DORADO,455
FISH_PERCH,53
FISH_SALMON,456
FISH_SNAPPER,458
FISH_TRAP,199
FISH_TUNA,457
FLAG_A,600
FLAG_B,601
FLAG_C,602
FLAG_D,603
FLAG_E,604
FLOWERS_1,334
FLOWERS_2,335
FLOWERS_3,336
FLOWERS_4,337
FLOWER_BED,859
FORAGE_BUSH,59
FORTIFIED_WALL,155
GALLEON,442
GAZELLE,1796
GENITOUR,583
GOLD_MINE,66
GRAVE,820
GREAT_FISH_MARLIN,450
GREAT_FISH_MARLIN2,451
GREAT_PYRAMID,696
GUARD_TOWER,234
HALBERDIER,359
HAND_CANNONEER,5
HAY_STACK,857
HEAVY_CAMEL,330
HEAVY_CAVALRY_ARCHER,474
HEAVY_DEMOLITION_SHIP,528
HEAVY_SCORPION,542
HORSE,814
HUSKARL,41
HUSSAR,441
IRON_BOAR,810
JAGUAR_WARRIOR,725
JANISSARY,46
JUNGLE_TREE,414
KEEP,235
KING_ARTHUR,173
KNIGHT,38
LIGHT_CAVALRY,546
LONGBOAT,250
LONGBOWMAN,8
LONG_SWORDSMAN,77
LUMBER_CAMP,562
MAMELUKE,282
MANGUDAI,11
MAN_AT_ARMS,75
MAP_REVEALER,837
MILL,68
MINING_CAMP,584
MISSIONARY,775
MONUMENT,826
MOSQUE,655
MOUNTAIN_1,310
PALISADE_WALL,72
PETARD,440
PIKEMAN,358
PYRAMID,648
SAMURAI,560
SCORPION,280
SKIRMISHER,7
STONE_WALL,117
STONE_MINE,102
TOWN_CENTER_FOUNDATION,621
TOWN_CENTER_F,71
TOWN_CENTER_C,141
TOWN_CENTER_I,142
HOUSE_F,463
HOUSE_C,464
HOUSE_I,465
MONASTERY_F,30
MONASTERY_C,31
MONASTERY_I,32
BARRACKS_F,498
BARRACKS_C,132
BARRACKS_I,20
ARCHERY_RANGE_C,10
ARCHERY_RANGE_I,14
STABLE_C,86
STABLE_I,153
MARKET_C,116
MARKET_I,137
MILL_F,129
MILL_C,130
MILL_I,131
LUMBER_CAMP_F,563
LUMBER_CAMP_C,564
LUMBER_CAMP_I,565
MINING_CAMP_F,585
MINING_CAMP_C,586
MINING_CAMP_I,587
DOCK_F,133
DOCK_C,47
DOCK_I,51
BLACKSMITH_F,105
BLACKSMITH_C,18
BLACKSMITH_I,19
UNIVERSITY_I,210
SIEGE_WORKSHOP_I,150
VILLAGER_BASE_M,83
VILLAGER_BASE_F,293
VILLAGER_FARMER_M,259
VILLAGER_FARMER_F,214
VILLAGER_SHEPHERD_M,592
VILLAGER_SHEPHERD_F,590
VILLAGER_FORAGER_M,120
VILLAGER_FORAGER_F,354
VILLAGER_HUNTER_M,122
VILLAGER_HUNTER_F,216
VILLAGER_FISHER_M,56
VILLAGER_FISHER_F,57
VILLAGER_WOOD_M,123
VILLAGER_WOOD_F,218
VILLAGER_GOLD_M,579
VILLAGER_GOLD_F,581
VILLAGER_STONE_M,124
VILLAGER_STONE_F,220
VILLAGER_BUILDER_M,118
VILLAGER_BUILDER_F,212
VILLAGER_REPAIRER_M,156
VILLAGER_REPAIRER_F,222
ARGALI,1896
LUSH_BAMBOO_TREE,1984
ASIAN_PINE_TREE,2016
PEACH_BLOSSOM_TREE,2017
WILLOW_TREE,2025
ASIAN_MAPLE_GREEN_TREE,2027
ASIAN_MAPLE_AUTUMN_TREE,2028
CHICKEN_A,2083
WILD_CHICKEN_A,2084
CHICKEN_B,2085
WILD_CHICKEN_B,2086
CHICKEN_C,2087
WILD_CHICKEN_C,2088
BLACK_BEAR,2089
POLAR_BEAR,2090
ARABIAN_WOLF,2091
WILD_HORSE_B,2092
WILD_HORSE_C,2093
WILD_HORSE_D,2094
WILD_HORSE_E,2095
WILD_MONKEY,2096
WILD_PENGUIN,2097
BAMBOO_STUMP,1536
BAOBAB_STUMP,1537
LUSH_BAMBOO_STUMP,1538
FELLED_TREE,1539
FELLED_TREE_BAOBAB,1540
FELLED_TREE_BAMBOO,1541
FELLED_TREE_LUSH_BAMBOO,1542
RED_FOX,1955
ARCTIC_FOX,1958
LLAMA_B,1963
ARCTIC_WOLF,1965
HARE_A,2098
HARE_B,2099
ARCTIC_HARE,2100
TREE_GREEN_OAK,2567
TREE_MONKEY_PUZZLE,2570
TREE_BRAZILWOOD,2580
TREE_WAX_PALM,2583
TAPIR,2589
CAPYBARA,2590
GUANACO,2591
SNAKE,2592
CONDOR,2593
CAIMAN,2594
BLACK_PANTHER,2595
FLAMINGO,2596
RHEA,2597
PAPAYA_TREE,2599
ALPACA,2614
WILD_ALPACA,2615
PINEAPPLE_BUSH,2650
HORSE_B,1356
HORSE_C,1602
HORSE_D,1604
HORSE_E,1606
DLC_COW_B,1596
DLC_COW_C,1598
DLC_COW_D,1600
CYPRESS_TREE,1347
ITALIAN_PINETREE,1348
OLIVE_TREE,1349
BIRCH_TREE,1717
CRUSADER_KNIGHT,1723
